{
    "accuracy_score": 0.7907142857142857,
    "precision_score": 0.772888573456352,
    "recall_score": 0.803690036900369,
    "roc_score": 0.870302991611231
}